<?xml version="1.0" encoding="UTF-8" standalone="yes"?>
<addon id="repository.jay" name="Jays Omega Skins" version="4" provider-name="Jay">
    <extension point="xbmc.addon.repository" name="Jays Omega Skins">
        <dir minversion="20.90.0" maxversion="22.9.9">
            <info compressed="false">https://raw.githubusercontent.com/primestream420/Repo/master/omega/zips/addons.xml</info>
            <checksum>https://raw.githubusercontent.com/primestream420/Repo/master/omega/zips/addons.xml.md5</checksum>
            <datadir zip="true">https://raw.githubusercontent.com/primestream420/Repo/master/omega/zips/</datadir>
        </dir>		
    </extension>
    <extension point="xbmc.addon.metadata">
        <summary>Jays Omega Skins</summary>
        <description>Jays Omega Skins.</description>
        <disclaimer></disclaimer>
        <platform>all</platform>
        <assets>
            <icon>icon.png</icon>
        </assets>
    </extension>
</addon>